{
    "AWS::ElasticLoadBalancingV2::Listener": {
        "TargetName": "AWS::ElasticLoadBalancingV2::Listener",
        "TargetType": "RESOURCE",
        "Schema": {
            "typeName": "AWS::ElasticLoadBalancingV2::Listener",
            "description": "Resource Type definition for AWS::ElasticLoadBalancingV2::Listener",
            "sourceUrl": "https://github.com/aws-cloudformation/aws-cloudformation-resource-providers-elasticloadbalancingv2.git",
            "additionalProperties": false,
            "properties": {
                "SslPolicy": {
                    "type": "string"
                },
                "LoadBalancerArn": {
                    "type": "string"
                },
                "DefaultActions": {
                    "type": "array",
                    "uniqueItems": true,
                    "items": {
                        "$ref": "#/definitions/Action"
                    }
                },
                "Port": {
                    "type": "integer"
                },
                "Certificates": {
                    "type": "array",
                    "uniqueItems": true,
                    "items": {
                        "$ref": "#/definitions/Certificate"
                    }
                },
                "Protocol": {
                    "type": "string"
                },
                "ListenerArn": {
                    "type": "string"
                },
                "AlpnPolicy": {
                    "type": "array",
                    "items": {
                        "type": "string"
                    }
                }
            },
            "definitions": {
                "FixedResponseConfig": {
                    "type": "object",
                    "additionalProperties": false,
                    "properties": {
                        "ContentType": {
                            "type": "string"
                        },
                        "StatusCode": {
                            "type": "string"
                        },
                        "MessageBody": {
                            "type": "string"
                        }
                    },
                    "required": [
                        "StatusCode"
                    ]
                },
                "TargetGroupTuple": {
                    "type": "object",
                    "additionalProperties": false,
                    "properties": {
                        "TargetGroupArn": {
                            "type": "string"
                        },
                        "Weight": {
                            "type": "integer"
                        }
                    }
                },
                "Action": {
                    "type": "object",
                    "additionalProperties": false,
                    "properties": {
                        "Order": {
                            "type": "integer"
                        },
                        "TargetGroupArn": {
                            "type": "string"
                        },
                        "FixedResponseConfig": {
                            "$ref": "#/definitions/FixedResponseConfig"
                        },
                        "AuthenticateCognitoConfig": {
                            "$ref": "#/definitions/AuthenticateCognitoConfig"
                        },
                        "Type": {
                            "type": "string"
                        },
                        "RedirectConfig": {
                            "$ref": "#/definitions/RedirectConfig"
                        },
                        "ForwardConfig": {
                            "$ref": "#/definitions/ForwardConfig"
                        },
                        "AuthenticateOidcConfig": {
                            "$ref": "#/definitions/AuthenticateOidcConfig"
                        }
                    },
                    "required": [
                        "Type"
                    ]
                },
                "AuthenticateCognitoConfig": {
                    "type": "object",
                    "additionalProperties": false,
                    "properties": {
                        "OnUnauthenticatedRequest": {
                            "type": "string"
                        },
                        "UserPoolClientId": {
                            "type": "string"
                        },
                        "UserPoolDomain": {
                            "type": "string"
                        },
                        "SessionTimeout": {
                            "type": "string"
                        },
                        "Scope": {
                            "type": "string"
                        },
                        "SessionCookieName": {
                            "type": "string"
                        },
                        "UserPoolArn": {
                            "type": "string"
                        },
                        "AuthenticationRequestExtraParams": {
                            "type": "object",
                            "patternProperties": {
                                "[a-zA-Z0-9]+": {
                                    "type": "string"
                                }
                            }
                        }
                    },
                    "required": [
                        "UserPoolClientId",
                        "UserPoolDomain",
                        "UserPoolArn"
                    ]
                },
                "RedirectConfig": {
                    "type": "object",
                    "additionalProperties": false,
                    "properties": {
                        "Path": {
                            "type": "string"
                        },
                        "Query": {
                            "type": "string"
                        },
                        "Port": {
                            "type": "string"
                        },
                        "Host": {
                            "type": "string"
                        },
                        "Protocol": {
                            "type": "string"
                        },
                        "StatusCode": {
                            "type": "string"
                        }
                    },
                    "required": [
                        "StatusCode"
                    ]
                },
                "TargetGroupStickinessConfig": {
                    "type": "object",
                    "additionalProperties": false,
                    "properties": {
                        "Enabled": {
                            "type": "boolean"
                        },
                        "DurationSeconds": {
                            "type": "integer"
                        }
                    }
                },
                "ForwardConfig": {
                    "type": "object",
                    "additionalProperties": false,
                    "properties": {
                        "TargetGroupStickinessConfig": {
                            "$ref": "#/definitions/TargetGroupStickinessConfig"
                        },
                        "TargetGroups": {
                            "type": "array",
                            "uniqueItems": true,
                            "items": {
                                "$ref": "#/definitions/TargetGroupTuple"
                            }
                        }
                    }
                },
                "AuthenticateOidcConfig": {
                    "type": "object",
                    "additionalProperties": false,
                    "properties": {
                        "OnUnauthenticatedRequest": {
                            "type": "string"
                        },
                        "TokenEndpoint": {
                            "type": "string"
                        },
                        "SessionTimeout": {
                            "type": "string"
                        },
                        "Scope": {
                            "type": "string"
                        },
                        "Issuer": {
                            "type": "string"
                        },
                        "ClientSecret": {
                            "type": "string"
                        },
                        "UserInfoEndpoint": {
                            "type": "string"
                        },
                        "ClientId": {
                            "type": "string"
                        },
                        "AuthorizationEndpoint": {
                            "type": "string"
                        },
                        "SessionCookieName": {
                            "type": "string"
                        },
                        "AuthenticationRequestExtraParams": {
                            "type": "object",
                            "patternProperties": {
                                "[a-zA-Z0-9]+": {
                                    "type": "string"
                                }
                            }
                        }
                    },
                    "required": [
                        "TokenEndpoint",
                        "Issuer",
                        "ClientSecret",
                        "UserInfoEndpoint",
                        "ClientId",
                        "AuthorizationEndpoint"
                    ]
                },
                "Certificate": {
                    "type": "object",
                    "additionalProperties": false,
                    "properties": {
                        "CertificateArn": {
                            "type": "string"
                        }
                    }
                }
            },
            "required": [
                "LoadBalancerArn",
                "DefaultActions"
            ],
            "createOnlyProperties": [
                "/properties/LoadBalancerArn"
            ],
            "primaryIdentifier": [
                "/properties/ListenerArn"
            ],
            "readOnlyProperties": [
                "/properties/ListenerArn"
            ],
            "writeOnlyProperties": [
                "/properties/DefaultActions/*/AuthenticateOidcConfig/ClientSecret",
                "/properties/DefaultActions/*/ForwardConfig",
                "/properties/DefaultActions/*/TargetGroupArn"
            ],
            "taggable": false,
            "handlers": {
                "create": {
                    "permissions": [
                        "elasticloadbalancing:CreateListener",
                        "elasticloadbalancing:DescribeListeners"
                    ]
                },
                "delete": {
                    "permissions": [
                        "elasticloadbalancing:DeleteListener"
                    ]
                },
                "list": {
                    "permissions": [
                        "elasticloadbalancing:DescribeListeners"
                    ]
                },
                "read": {
                    "permissions": [
                        "elasticloadbalancing:DescribeListeners"
                    ]
                },
                "update": {
                    "permissions": [
                        "elasticloadbalancing:ModifyListener"
                    ]
                }
            }
        },
        "ProvisioningType": "FULLY_MUTABLE",
        "IsCfnRegistrySupportedType": true,
        "SchemaFileAvailable": true
    }
}